Run,Assay Type,BioProject,BioSample,Center Name,Consent,Experiment,Instrument,LibraryLayout,LibrarySelection,LibrarySource,Organism,Platform,ReleaseDate,Sample Name,SRA Study,AvgSpotLen,Bases,Bytes,DATASTORE filetype,DATASTORE provider,DATASTORE region,create_date,version,Library Name,BioSampleModel,Collection_Date,geo_loc_name_country,geo_loc_name_country_continent,tissue,geo_loc_name,isolation_source,isolate,BREED,sex,AGE,HOST,dev_stage,strain,treatment,replicate,BIOMATERIAL_PROVIDER,Sample_name,lat_lon,project_name,ploidy,adapters,Broker_name,collecting_institution,collector_name,common_name,ENA-FIRST-PUBLIC (run),ENA_first_public,ENA-LAST-UPDATE (run),experimental_factor,geographic_location_(country_and/or_sea),Geographic_location_(depth),geographic_location_(elevation),geographic_location_(latitude),geographic_location_(longitude),geographic_location_(region_and_locality),INSDC_center_name,INSDC_status,investigation_type,Read_length (exp),sample_description,Scientific_Name,Sequencing_method,Submitter_Id,tissue_type,Ecotype,Cultivar,collected_by,Specimen_voucher,sample_type,identified_by,env_broad_scale,Depth,birth_date,birth_location,breeding_history,breeding_method,cell_line,cell_subtype,cell_type,culture_collection,death_date,disease,disease_stage,genotype,growth_protocol,health_state,phenotype,source_material_id,store_cond,stud_book_number,samp_size,altitude,gender,GEO_Accession (exp),source_name,id,env_local_scale,env_medium,isol_growth_condt,estimated_size,num_replicons,propagation,library_id
ERR13903535,RNA-Seq,PRJEB81785,SAMEA116324610,"THE FRENCH RESEARCH INSTITUTE FOR EXPLOITATION OF ",public,ERX13307297,Illumina NovaSeq 6000,PAIRED,PolyA,TRANSCRIPTOMIC,Procambarus clarkii,ILLUMINA,2025-01-29T00:00:00Z,SAMEA116324610,ERP165588,202,10137279302,3281982588,"run.zq,fastq,sra","gs,ncbi,s3","gs.us-east1,s3.us-east-1,ncbi.public",2025-02-11T09:16:00Z,1,C1_con_MG,,2022,France,Europe,,,Natural populations,,,,,,,,,,,"C1_con_MG,sam_C1_con_MG",,EvoTox,diploid,5'-AGATCGGAAGAGCACACGTCTGAACTCCAGTCAC-3' ; 5'-AGATCGGAAGAGCGTCGTGTAGGGAAAGAGTGT-3',SeBiMER,"Universite de Montpellier\, Place Eugene Bataillon\, 34095 Montpellier","Diana Martinez\, Jehan-Herve Lignot",red swamp crayfish,2025-01-29,2025-01-29,2025-01-29,control,France,not provided,not provided,43.51457994894511,4.667271454927307,"Herault\, Camargue\, Fumemorte",Ifremer,public,eukaryote,100,C1_con_MG,Procambarus clarkii,Sequencing by synthesis (Illumina),sam_C1_con_MG,hepatopancreas,,,,,,,,,,,,,,,,,,,,,,,,,,,,,,,,,,,,,,,
ERR13903539,RNA-Seq,PRJEB81785,SAMEA116324614,"THE FRENCH RESEARCH INSTITUTE FOR EXPLOITATION OF ",public,ERX13307301,Illumina NovaSeq 6000,PAIRED,PolyA,TRANSCRIPTOMIC,Procambarus clarkii,ILLUMINA,2025-01-29T00:00:00Z,SAMEA116324614,ERP165588,202,11205373290,3628845958,"sra,fastq,run.zq","s3,gs,ncbi","s3.us-east-1,ncbi.public,gs.us-east1",2025-02-11T09:16:00Z,1,C2_con_MG,,2022,France,Europe,,,Natural populations,,,,,,,,,,,"C2_con_MG,sam_C2_con_MG",,EvoTox,diploid,5'-AGATCGGAAGAGCACACGTCTGAACTCCAGTCAC-3' ; 5'-AGATCGGAAGAGCGTCGTGTAGGGAAAGAGTGT-3',SeBiMER,"Universite de Montpellier\, Place Eugene Bataillon\, 34095 Montpellier","Diana Martinez\, Jehan-Herve Lignot",red swamp crayfish,2025-01-29,2025-01-29,2025-01-29,control,France,not provided,not provided,43.51457994894511,4.667271454927307,"Herault\, Camargue\, Fumemorte",Ifremer,public,eukaryote,100,C2_con_MG,Procambarus clarkii,Sequencing by synthesis (Illumina),sam_C2_con_MG,hepatopancreas,,,,,,,,,,,,,,,,,,,,,,,,,,,,,,,,,,,,,,,
ERR13903540,RNA-Seq,PRJEB81785,SAMEA116324615,"THE FRENCH RESEARCH INSTITUTE FOR EXPLOITATION OF ",public,ERX13307302,Illumina NovaSeq 6000,PAIRED,PolyA,TRANSCRIPTOMIC,Procambarus clarkii,ILLUMINA,2025-01-30T00:00:00Z,SAMEA116324615,ERP165588,202,11036823884,3552387361,"run.zq,sra,fastq","gs,ncbi,s3","s3.us-east-1,ncbi.public,gs.us-east1",2025-02-10T15:12:00Z,1,C2_poll_MG,,2022,France,Europe,,,Natural populations,,,,,,,,,,,"sam_C2_poll_MG,C2_poll_MG",,EvoTox,diploid,5'-AGATCGGAAGAGCACACGTCTGAACTCCAGTCAC-3' ; 5'-AGATCGGAAGAGCGTCGTGTAGGGAAAGAGTGT-3',SeBiMER,"Universite de Montpellier\, Place Eugene Bataillon\, 34095 Montpellier","Diana Martinez\, Jehan-Herve Lignot",red swamp crayfish,2025-01-29,2025-01-29,2025-01-29,control,France,not provided,not provided,43.51457994894511,4.667271454927307,"Herault\, Camargue\, Fumemorte",Ifremer,public,eukaryote,100,C2_poll_MG,Procambarus clarkii,Sequencing by synthesis (Illumina),sam_C2_poll_MG,hepatopancreas,,,,,,,,,,,,,,,,,,,,,,,,,,,,,,,,,,,,,,,
ERR13903542,RNA-Seq,PRJEB81785,SAMEA116324617,"THE FRENCH RESEARCH INSTITUTE FOR EXPLOITATION OF ",public,ERX13307304,Illumina NovaSeq 6000,PAIRED,PolyA,TRANSCRIPTOMIC,Procambarus clarkii,ILLUMINA,2025-01-29T00:00:00Z,SAMEA116324617,ERP165588,202,8707168590,2823521250,"run.zq,fastq,sra","gs,ncbi,s3","s3.us-east-1,ncbi.public,gs.us-east1",2025-02-11T09:17:00Z,1,C3_poll_MG,,2022,France,Europe,,,Natural populations,,,,,,,,,,,"C3_poll_MG,sam_C3_poll_MG",,EvoTox,diploid,5'-AGATCGGAAGAGCACACGTCTGAACTCCAGTCAC-3' ; 5'-AGATCGGAAGAGCGTCGTGTAGGGAAAGAGTGT-3',SeBiMER,"Universite de Montpellier\, Place Eugene Bataillon\, 34095 Montpellier","Diana Martinez\, Jehan-Herve Lignot",red swamp crayfish,2025-01-29,2025-01-29,2025-01-29,control,France,not provided,not provided,43.51457994894511,4.667271454927307,"Herault\, Camargue\, Fumemorte",Ifremer,public,eukaryote,100,C3_poll_MG,Procambarus clarkii,Sequencing by synthesis (Illumina),sam_C3_poll_MG,hepatopancreas,,,,,,,,,,,,,,,,,,,,,,,,,,,,,,,,,,,,,,,
ERR13903544,RNA-Seq,PRJEB81785,SAMEA116324619,"THE FRENCH RESEARCH INSTITUTE FOR EXPLOITATION OF ",public,ERX13307306,Illumina NovaSeq 6000,PAIRED,PolyA,TRANSCRIPTOMIC,Procambarus clarkii,ILLUMINA,2025-01-29T00:00:00Z,SAMEA116324619,ERP165588,202,9476362774,3041869357,"fastq,sra,run.zq","gs,s3,ncbi","s3.us-east-1,gs.us-east1,ncbi.public",2025-02-11T09:32:00Z,1,C4_poll_MG,,2022,France,Europe,,,Natural populations,,,,,,,,,,,"C4_poll_MG,sam_C4_poll_MG",,EvoTox,diploid,5'-AGATCGGAAGAGCACACGTCTGAACTCCAGTCAC-3' ; 5'-AGATCGGAAGAGCGTCGTGTAGGGAAAGAGTGT-3',SeBiMER,"Universite de Montpellier\, Place Eugene Bataillon\, 34095 Montpellier","Diana Martinez\, Jehan-Herve Lignot",red swamp crayfish,2025-01-29,2025-01-29,2025-01-29,control,France,not provided,not provided,43.51457994894511,4.667271454927307,"Herault\, Camargue\, Fumemorte",Ifremer,public,eukaryote,100,C4_poll_MG,Procambarus clarkii,Sequencing by synthesis (Illumina),sam_C4_poll_MG,hepatopancreas,,,,,,,,,,,,,,,,,,,,,,,,,,,,,,,,,,,,,,,
ERR13903549,RNA-Seq,PRJEB81785,SAMEA116324624,"THE FRENCH RESEARCH INSTITUTE FOR EXPLOITATION OF ",public,ERX13307311,Illumina NovaSeq 6000,PAIRED,PolyA,TRANSCRIPTOMIC,Procambarus clarkii,ILLUMINA,2025-01-29T00:00:00Z,SAMEA116324624,ERP165588,202,8920309294,2869934989,"run.zq,fastq,sra","gs,ncbi,s3","s3.us-east-1,gs.us-east1,ncbi.public",2025-02-11T03:18:00Z,1,C7_con_MG,,2022,France,Europe,,,Natural populations,,,,,,,,,,,"C7_con_MG,sam_C7_con_MG",,EvoTox,diploid,5'-AGATCGGAAGAGCACACGTCTGAACTCCAGTCAC-3' ; 5'-AGATCGGAAGAGCGTCGTGTAGGGAAAGAGTGT-3',SeBiMER,"Universite de Montpellier\, Place Eugene Bataillon\, 34095 Montpellier","Diana Martinez\, Jehan-Herve Lignot",red swamp crayfish,2025-01-29,2025-01-29,2025-01-29,control,France,not provided,not provided,43.51457994894511,4.667271454927307,"Herault\, Camargue\, Fumemorte",Ifremer,public,eukaryote,100,C7_con_MG,Procambarus clarkii,Sequencing by synthesis (Illumina),sam_C7_con_MG,hepatopancreas,,,,,,,,,,,,,,,,,,,,,,,,,,,,,,,,,,,,,,,
ERR13903554,RNA-Seq,PRJEB81785,SAMEA116324629,"THE FRENCH RESEARCH INSTITUTE FOR EXPLOITATION OF ",public,ERX13307316,Illumina NovaSeq 6000,PAIRED,PolyA,TRANSCRIPTOMIC,Procambarus clarkii,ILLUMINA,2025-01-29T00:00:00Z,SAMEA116324629,ERP165588,202,10212817606,3274924306,"fastq,run.zq,sra","ncbi,s3,gs","gs.us-east1,s3.us-east-1,ncbi.public",2025-02-11T09:18:00Z,1,C9_con_MG,,2022,France,Europe,,,Natural populations,,,,,,,,,,,"C9_con_MG,sam_C9_con_MG",,EvoTox,diploid,5'-AGATCGGAAGAGCACACGTCTGAACTCCAGTCAC-3' ; 5'-AGATCGGAAGAGCGTCGTGTAGGGAAAGAGTGT-3',SeBiMER,"Universite de Montpellier\, Place Eugene Bataillon\, 34095 Montpellier","Diana Martinez\, Jehan-Herve Lignot",red swamp crayfish,2025-01-29,2025-01-29,2025-01-29,control,France,not provided,not provided,43.51457994894511,4.667271454927307,"Herault\, Camargue\, Fumemorte",Ifremer,public,eukaryote,100,C9_con_MG,Procambarus clarkii,Sequencing by synthesis (Illumina),sam_C9_con_MG,hepatopancreas,,,,,,,,,,,,,,,,,,,,,,,,,,,,,,,,,,,,,,,
ERR13903555,RNA-Seq,PRJEB81785,SAMEA116324630,"THE FRENCH RESEARCH INSTITUTE FOR EXPLOITATION OF ",public,ERX13307317,Illumina NovaSeq 6000,PAIRED,PolyA,TRANSCRIPTOMIC,Procambarus clarkii,ILLUMINA,2025-01-29T00:00:00Z,SAMEA116324630,ERP165588,202,8911840848,2842891224,"run.zq,fastq,sra","ncbi,gs,s3","gs.us-east1,s3.us-east-1,ncbi.public",2025-02-11T09:15:00Z,1,C9_poll_MG,,2022,France,Europe,,,Natural populations,,,,,,,,,,,"C9_poll_MG,sam_C9_poll_MG",,EvoTox,diploid,5'-AGATCGGAAGAGCACACGTCTGAACTCCAGTCAC-3' ; 5'-AGATCGGAAGAGCGTCGTGTAGGGAAAGAGTGT-3',SeBiMER,"Universite de Montpellier\, Place Eugene Bataillon\, 34095 Montpellier","Diana Martinez\, Jehan-Herve Lignot",red swamp crayfish,2025-01-29,2025-01-29,2025-01-29,control,France,not provided,not provided,43.51457994894511,4.667271454927307,"Herault\, Camargue\, Fumemorte",Ifremer,public,eukaryote,100,C9_poll_MG,Procambarus clarkii,Sequencing by synthesis (Illumina),sam_C9_poll_MG,hepatopancreas,,,,,,,,,,,,,,,,,,,,,,,,,,,,,,,,,,,,,,,
ERR13903557,RNA-Seq,PRJEB81785,SAMEA116324632,"THE FRENCH RESEARCH INSTITUTE FOR EXPLOITATION OF ",public,ERX13307319,Illumina NovaSeq 6000,PAIRED,PolyA,TRANSCRIPTOMIC,Procambarus clarkii,ILLUMINA,2025-01-30T00:00:00Z,SAMEA116324632,ERP165588,202,9536380408,3082225716,"sra,run.zq,fastq","s3,gs,ncbi","s3.us-east-1,ncbi.public,gs.us-east1",2025-02-10T15:13:00Z,1,N1_con_MG,,2022,France,Europe,,,Natural populations,,,,,,,,,,,"N1_con_MG,sam_N1_con_MG",,EvoTox,diploid,5'-AGATCGGAAGAGCACACGTCTGAACTCCAGTCAC-3' ; 5'-AGATCGGAAGAGCGTCGTGTAGGGAAAGAGTGT-3',SeBiMER,"Universite de Montpellier\, Place Eugene Bataillon\, 34095 Montpellier","Diana Martinez\, Jehan-Herve Lignot",red swamp crayfish,2025-01-29,2025-01-29,2025-01-29,control,France,not provided,not provided,43.125280507307814,3.0225043837461,"Herault\, Bages-Sigean",Ifremer,public,eukaryote,100,N1_con_MG,Procambarus clarkii,Sequencing by synthesis (Illumina),sam_N1_con_MG,hepatopancreas,,,,,,,,,,,,,,,,,,,,,,,,,,,,,,,,,,,,,,,
ERR13903560,RNA-Seq,PRJEB81785,SAMEA116324635,"THE FRENCH RESEARCH INSTITUTE FOR EXPLOITATION OF ",public,ERX13307322,Illumina NovaSeq 6000,PAIRED,PolyA,TRANSCRIPTOMIC,Procambarus clarkii,ILLUMINA,2025-01-29T00:00:00Z,SAMEA116324635,ERP165588,202,9029122250,2913182264,"sra,fastq,run.zq","s3,ncbi,gs","gs.us-east1,s3.us-east-1,ncbi.public",2025-02-11T03:19:00Z,1,N3_con_MG,,2022,France,Europe,,,Natural populations,,,,,,,,,,,"N3_con_MG,sam_N3_con_MG",,EvoTox,diploid,5'-AGATCGGAAGAGCACACGTCTGAACTCCAGTCAC-3' ; 5'-AGATCGGAAGAGCGTCGTGTAGGGAAAGAGTGT-3',SeBiMER,"Universite de Montpellier\, Place Eugene Bataillon\, 34095 Montpellier","Diana Martinez\, Jehan-Herve Lignot",red swamp crayfish,2025-01-29,2025-01-29,2025-01-29,control,France,not provided,not provided,43.125280507307814,3.0225043837461,"Herault\, Bages-Sigean",Ifremer,public,eukaryote,100,N3_con_MG,Procambarus clarkii,Sequencing by synthesis (Illumina),sam_N3_con_MG,hepatopancreas,,,,,,,,,,,,,,,,,,,,,,,,,,,,,,,,,,,,,,,
ERR13903561,RNA-Seq,PRJEB81785,SAMEA116324636,"THE FRENCH RESEARCH INSTITUTE FOR EXPLOITATION OF ",public,ERX13307323,Illumina NovaSeq 6000,PAIRED,PolyA,TRANSCRIPTOMIC,Procambarus clarkii,ILLUMINA,2025-01-30T00:00:00Z,SAMEA116324636,ERP165588,202,8229018632,2625406834,"run.zq,sra,fastq","s3,gs,ncbi","s3.us-east-1,ncbi.public,gs.us-east1",2025-03-03T19:17:00Z,1,N4_con_MG,,2022,France,Europe,,,Natural populations,,,,,,,,,,,"N4_con_MG,sam_N4_con_MG",,EvoTox,diploid,5'-AGATCGGAAGAGCACACGTCTGAACTCCAGTCAC-3' ; 5'-AGATCGGAAGAGCGTCGTGTAGGGAAAGAGTGT-3',SeBiMER,"Universite de Montpellier\, Place Eugene Bataillon\, 34095 Montpellier","Diana Martinez\, Jehan-Herve Lignot",red swamp crayfish,2025-01-29,2025-01-29,2025-01-29,control,France,not provided,not provided,43.125280507307814,3.0225043837461,"Herault\, Bages-Sigean",Ifremer,public,eukaryote,100,N4_con_MG,Procambarus clarkii,Sequencing by synthesis (Illumina),sam_N4_con_MG,hepatopancreas,,,,,,,,,,,,,,,,,,,,,,,,,,,,,,,,,,,,,,,
ERR13903563,RNA-Seq,PRJEB81785,SAMEA116324638,"THE FRENCH RESEARCH INSTITUTE FOR EXPLOITATION OF ",public,ERX13307325,Illumina NovaSeq 6000,PAIRED,PolyA,TRANSCRIPTOMIC,Procambarus clarkii,ILLUMINA,2025-01-29T00:00:00Z,SAMEA116324638,ERP165588,202,8162636584,2588220276,"fastq,sra,run.zq","gs,ncbi,s3","gs.us-east1,ncbi.public,s3.us-east-1",2025-02-11T09:34:00Z,1,N5_con_MG,,2022,France,Europe,,,Natural populations,,,,,,,,,,,"N5_con_MG,sam_N5_con_MG",,EvoTox,diploid,5'-AGATCGGAAGAGCACACGTCTGAACTCCAGTCAC-3' ; 5'-AGATCGGAAGAGCGTCGTGTAGGGAAAGAGTGT-3',SeBiMER,"Universite de Montpellier\, Place Eugene Bataillon\, 34095 Montpellier","Diana Martinez\, Jehan-Herve Lignot",red swamp crayfish,2025-01-29,2025-01-29,2025-01-29,control,France,not provided,not provided,43.125280507307814,3.0225043837461,"Herault\, Bages-Sigean",Ifremer,public,eukaryote,100,N5_con_MG,Procambarus clarkii,Sequencing by synthesis (Illumina),sam_N5_con_MG,hepatopancreas,,,,,,,,,,,,,,,,,,,,,,,,,,,,,,,,,,,,,,,
ERR13903566,RNA-Seq,PRJEB81785,SAMEA116324641,"THE FRENCH RESEARCH INSTITUTE FOR EXPLOITATION OF ",public,ERX13307328,Illumina NovaSeq 6000,PAIRED,PolyA,TRANSCRIPTOMIC,Procambarus clarkii,ILLUMINA,2025-01-29T00:00:00Z,SAMEA116324641,ERP165588,202,7464183204,2394993433,"sra,run.zq,fastq","ncbi,s3,gs","gs.us-east1,s3.us-east-1,ncbi.public",2025-02-11T03:18:00Z,1,N6_con_MG,,2022,France,Europe,,,Natural populations,,,,,,,,,,,"N6_con_MG,sam_N6_con_MG",,EvoTox,diploid,5'-AGATCGGAAGAGCACACGTCTGAACTCCAGTCAC-3' ; 5'-AGATCGGAAGAGCGTCGTGTAGGGAAAGAGTGT-3',SeBiMER,"Universite de Montpellier\, Place Eugene Bataillon\, 34095 Montpellier","Diana Martinez\, Jehan-Herve Lignot",red swamp crayfish,2025-01-29,2025-01-29,2025-01-29,control,France,not provided,not provided,43.125280507307814,3.0225043837461,"Herault\, Bages-Sigean",Ifremer,public,eukaryote,100,N6_con_MG,Procambarus clarkii,Sequencing by synthesis (Illumina),sam_N6_con_MG,hepatopancreas,,,,,,,,,,,,,,,,,,,,,,,,,,,,,,,,,,,,,,,
ERR13903568,RNA-Seq,PRJEB81785,SAMEA116324643,"THE FRENCH RESEARCH INSTITUTE FOR EXPLOITATION OF ",public,ERX13307330,Illumina NovaSeq 6000,PAIRED,PolyA,TRANSCRIPTOMIC,Procambarus clarkii,ILLUMINA,2025-01-30T00:00:00Z,SAMEA116324643,ERP165588,202,8080336936,2605933967,"run.zq,fastq,sra","gs,s3,ncbi","s3.us-east-1,ncbi.public,gs.us-east1",2025-02-10T15:10:00Z,1,N7_con_MG,,2022,France,Europe,,,Natural populations,,,,,,,,,,,"N7_con_MG,sam_N7_con_MG",,EvoTox,diploid,5'-AGATCGGAAGAGCACACGTCTGAACTCCAGTCAC-3' ; 5'-AGATCGGAAGAGCGTCGTGTAGGGAAAGAGTGT-3',SeBiMER,"Universite de Montpellier\, Place Eugene Bataillon\, 34095 Montpellier","Diana Martinez\, Jehan-Herve Lignot",red swamp crayfish,2025-01-29,2025-01-29,2025-01-29,control,France,not provided,not provided,43.125280507307814,3.0225043837461,"Herault\, Bages-Sigean",Ifremer,public,eukaryote,100,N7_con_MG,Procambarus clarkii,Sequencing by synthesis (Illumina),sam_N7_con_MG,hepatopancreas,,,,,,,,,,,,,,,,,,,,,,,,,,,,,,,,,,,,,,,
ERR13903571,RNA-Seq,PRJEB81785,SAMEA116324646,"THE FRENCH RESEARCH INSTITUTE FOR EXPLOITATION OF ",public,ERX13307333,Illumina NovaSeq 6000,PAIRED,PolyA,TRANSCRIPTOMIC,Procambarus clarkii,ILLUMINA,2025-01-29T00:00:00Z,SAMEA116324646,ERP165588,202,11269196806,3720881317,"sra,fastq,run.zq","s3,ncbi,gs","gs.us-east1,ncbi.public,s3.us-east-1",2025-02-11T03:20:00Z,1,N8_con_MG,,2022,France,Europe,,,Natural populations,,,,,,,,,,,"N8_con_MG,sam_N8_con_MG",,EvoTox,diploid,5'-AGATCGGAAGAGCACACGTCTGAACTCCAGTCAC-3' ; 5'-AGATCGGAAGAGCGTCGTGTAGGGAAAGAGTGT-3',SeBiMER,"Universite de Montpellier\, Place Eugene Bataillon\, 34095 Montpellier","Diana Martinez\, Jehan-Herve Lignot",red swamp crayfish,2025-01-29,2025-01-29,2025-01-29,control,France,not provided,not provided,43.125280507307814,3.0225043837461,"Herault\, Bages-Sigean",Ifremer,public,eukaryote,100,N8_con_MG,Procambarus clarkii,Sequencing by synthesis (Illumina),sam_N8_con_MG,hepatopancreas,,,,,,,,,,,,,,,,,,,,,,,,,,,,,,,,,,,,,,,
ERR13903578,RNA-Seq,PRJEB81785,SAMEA116324653,"THE FRENCH RESEARCH INSTITUTE FOR EXPLOITATION OF ",public,ERX13307340,Illumina NovaSeq 6000,PAIRED,PolyA,TRANSCRIPTOMIC,Procambarus clarkii,ILLUMINA,2025-01-29T00:00:00Z,SAMEA116324653,ERP165588,202,9288132508,3002637832,"run.zq,fastq,sra","gs,ncbi,s3","gs.us-east1,s3.us-east-1,ncbi.public",2025-02-12T15:55:00Z,1,S3_poll_MG,,2022,France,Europe,,,Natural populations,,,,,,,,,,,"S3_poll_MG,sam_S3_poll_MG",,EvoTox,diploid,5'-AGATCGGAAGAGCACACGTCTGAACTCCAGTCAC-3' ; 5'-AGATCGGAAGAGCGTCGTGTAGGGAAAGAGTGT-3',SeBiMER,"Universite de Montpellier\, Place Eugene Bataillon\, 34095 Montpellier","Diana Martinez\, Jehan-Herve Lignot",red swamp crayfish,2025-01-29,2025-01-29,2025-01-29,control,France,not provided,not provided,43.66250773254674,3.372382554933659,"Herault\, Salagou",Ifremer,public,eukaryote,100,S3_poll_MG,Procambarus clarkii,Sequencing by synthesis (Illumina),sam_S3_poll_MG,hepatopancreas,,,,,,,,,,,,,,,,,,,,,,,,,,,,,,,,,,,,,,,
ERR13903580,RNA-Seq,PRJEB81785,SAMEA116324655,"THE FRENCH RESEARCH INSTITUTE FOR EXPLOITATION OF ",public,ERX13307342,Illumina NovaSeq 6000,PAIRED,PolyA,TRANSCRIPTOMIC,Procambarus clarkii,ILLUMINA,2025-01-30T00:00:00Z,SAMEA116324655,ERP165588,202,10026289392,3209768498,"run.zq,fastq,sra","ncbi,s3,gs","ncbi.public,s3.us-east-1,gs.us-east1",2025-02-10T15:13:00Z,1,S4_poll_MG,,2022,France,Europe,,,Natural populations,,,,,,,,,,,"S4_poll_MG,sam_S4_poll_MG",,EvoTox,diploid,5'-AGATCGGAAGAGCACACGTCTGAACTCCAGTCAC-3' ; 5'-AGATCGGAAGAGCGTCGTGTAGGGAAAGAGTGT-3',SeBiMER,"Universite de Montpellier\, Place Eugene Bataillon\, 34095 Montpellier","Diana Martinez\, Jehan-Herve Lignot",red swamp crayfish,2025-01-29,2025-01-29,2025-01-29,control,France,not provided,not provided,43.66250773254674,3.372382554933659,"Herault\, Salagou",Ifremer,public,eukaryote,100,S4_poll_MG,Procambarus clarkii,Sequencing by synthesis (Illumina),sam_S4_poll_MG,hepatopancreas,,,,,,,,,,,,,,,,,,,,,,,,,,,,,,,,,,,,,,,
ERR13903582,RNA-Seq,PRJEB81785,SAMEA116324657,"THE FRENCH RESEARCH INSTITUTE FOR EXPLOITATION OF ",public,ERX13307344,Illumina NovaSeq 6000,PAIRED,PolyA,TRANSCRIPTOMIC,Procambarus clarkii,ILLUMINA,2025-01-29T00:00:00Z,SAMEA116324657,ERP165588,202,9467741010,3020333642,"sra,fastq,run.zq","gs,ncbi,s3","ncbi.public,gs.us-east1,s3.us-east-1",2025-02-11T09:17:00Z,1,S5_poll_MG,,2022,France,Europe,,,Natural populations,,,,,,,,,,,"S5_poll_MG,sam_S5_poll_MG",,EvoTox,diploid,5'-AGATCGGAAGAGCACACGTCTGAACTCCAGTCAC-3' ; 5'-AGATCGGAAGAGCGTCGTGTAGGGAAAGAGTGT-3',SeBiMER,"Universite de Montpellier\, Place Eugene Bataillon\, 34095 Montpellier","Diana Martinez\, Jehan-Herve Lignot",red swamp crayfish,2025-01-29,2025-01-29,2025-01-29,control,France,not provided,not provided,43.66250773254674,3.372382554933659,"Herault\, Salagou",Ifremer,public,eukaryote,100,S5_poll_MG,Procambarus clarkii,Sequencing by synthesis (Illumina),sam_S5_poll_MG,hepatopancreas,,,,,,,,,,,,,,,,,,,,,,,,,,,,,,,,,,,,,,,
ERR13903584,RNA-Seq,PRJEB81785,SAMEA116324659,"THE FRENCH RESEARCH INSTITUTE FOR EXPLOITATION OF ",public,ERX13307346,Illumina NovaSeq 6000,PAIRED,PolyA,TRANSCRIPTOMIC,Procambarus clarkii,ILLUMINA,2025-01-30T00:00:00Z,SAMEA116324659,ERP165588,202,8392941228,2680745230,"sra,run.zq,fastq","ncbi,s3,gs","gs.us-east1,s3.us-east-1,ncbi.public",2025-03-04T09:50:00Z,1,S6_con_MG,,2022,France,Europe,,,Natural populations,,,,,,,,,,,"S6_con_MG,sam_S6_con_MG",,EvoTox,diploid,5'-AGATCGGAAGAGCACACGTCTGAACTCCAGTCAC-3' ; 5'-AGATCGGAAGAGCGTCGTGTAGGGAAAGAGTGT-3',SeBiMER,"Universite de Montpellier\, Place Eugene Bataillon\, 34095 Montpellier","Diana Martinez\, Jehan-Herve Lignot",red swamp crayfish,2025-01-29,2025-01-29,2025-01-29,control,France,not provided,not provided,43.66250773254674,3.372382554933659,"Herault\, Salagou",Ifremer,public,eukaryote,100,S6_con_MG,Procambarus clarkii,Sequencing by synthesis (Illumina),sam_S6_con_MG,hepatopancreas,,,,,,,,,,,,,,,,,,,,,,,,,,,,,,,,,,,,,,,
ERR13903585,RNA-Seq,PRJEB81785,SAMEA116324660,"THE FRENCH RESEARCH INSTITUTE FOR EXPLOITATION OF ",public,ERX13307347,Illumina NovaSeq 6000,PAIRED,PolyA,TRANSCRIPTOMIC,Procambarus clarkii,ILLUMINA,2025-01-29T00:00:00Z,SAMEA116324660,ERP165588,202,11407135132,3690545788,"sra,run.zq,fastq","gs,ncbi,s3","ncbi.public,s3.us-east-1,gs.us-east1",2025-02-11T09:20:00Z,1,S6_poll_MG,,2022,France,Europe,,,Natural populations,,,,,,,,,,,"S6_poll_MG,sam_S6_poll_MG",,EvoTox,diploid,5'-AGATCGGAAGAGCACACGTCTGAACTCCAGTCAC-3' ; 5'-AGATCGGAAGAGCGTCGTGTAGGGAAAGAGTGT-3',SeBiMER,"Universite de Montpellier\, Place Eugene Bataillon\, 34095 Montpellier","Diana Martinez\, Jehan-Herve Lignot",red swamp crayfish,2025-01-29,2025-01-29,2025-01-29,control,France,not provided,not provided,43.66250773254674,3.372382554933659,"Herault\, Salagou",Ifremer,public,eukaryote,100,S6_poll_MG,Procambarus clarkii,Sequencing by synthesis (Illumina),sam_S6_poll_MG,hepatopancreas,,,,,,,,,,,,,,,,,,,,,,,,,,,,,,,,,,,,,,,
